[{
    "key": "cmapi.overview",
    "type": "overview",
    "title": "Introduction"
  }, {
    "key": "",
    "title": "API CORE",
    "folder": true,
    "expanded": true,
    "children": [{
      "key": "",
      "title": "Overlay Channels - <span class='updatedContent'>UPDATED</span>",
      "children": [{
        "key": "map.overlay.create",
        "title": "Create Overlay - <span class='updatedContent'>UPDATED</span>",
        "children": [{
          "key": "map.overlay.create.complete",
          "title": "Overlay Create Message Complete - details object - <span class='newContent'>NEW</span>"
        }]
      }, {
        "key": "map.overlay.remove",
        "title": "Remove Overlay - <span class='updatedContent'>UPDATED</span>",
        "children": [{
          "key": "map.overlay.remove.complete",
          "title": "Overlay Remove Message Complete - details object - <span class='newContent'>NEW</span>"
        }]
      }, {
        "key": "map.overlay.hide",
        "title": "Hide Overlay - <span class='updatedContent'>UPDATED</span>",
        "children": [{
          "key": "map.overlay.hide.complete",
          "title": "Overlay Hide Message Complete - details object - <span class='newContent'>NEW</span>"
        }]
      }, {
        "key": "map.overlay.show",
        "title": "Show Overlay - <span class='updatedContent'>UPDATED</span>",
        "children": [{
          "key": "map.overlay.show.complete",
          "title": "Overlay Show Message Complete - details object - <span class='newContent'>NEW</span>"
        }]
      }, {
        "key": "map.overlay.update",
        "title": "Update Overlay - <span class='updatedContent'>UPDATED</span>",
        "children": [{
          "key": "map.overlay.update.complete",
          "title": "Overlay Update Message Complete - details object - <span class='newContent'>NEW</span>"
        }]
      }]
    }, {
      "key": "",
      "title": "Feature Channels - <span class='updatedContent'>UPDATED</span>",
      "children": [{
        "key": "map.feature.plot",
        "title": "Plot Feature - <span class='updatedContent'>UPDATED</span>",
        "children": [{
          "key": "map.feature.plot.complete",
          "title": "Feature Plot Message Complete - details object - <span class='newContent'>NEW</span>"
        }]
      }, {
        "key": "map.feature.plot.batch",
        "title": "Plot Feature Batch - <span class='newContent'>NEW</span>",
        "children": [{
          "key": "map.feature.plot.batch.complete",
          "title": "Feature Plot Batch Message Complete - details object - <span class='newContent'>NEW</span>"
        }]
      }, {
        "key": "map.feature.plot.url",
        "title": "Plot URL <span class='updatedContent'>UPDATED</span>",
        "children": [{
          "key": "map.feature.plot.url.complete",
          "title": "Feature Plot URL Message Complete - details object - <span class='newContent'>NEW</span>"
        }]
      }, {
        "key": "map.feature.unplot",
        "title": "Unplot Feature - <span class='updatedContent'>UPDATED</span>",
        "children": [{
          "key": "map.feature.unplot.complete",
          "title": "Feature Unplot Message Complete - details object - <span class='newContent'>NEW</span>"
        }]
      }, {
        "key": "map.feature.unplot.batch",
        "title": "Unplot Feature Batch - <span class='newContent'>NEW</span>",
        "children": [{
          "key": "map.feature.unplot.batch.complete",
          "title": "Feature Unplot Batch Message Complete - details object - <span class='newContent'>NEW</span>"
        }]
      }, {
        "key": "map.feature.hide",
        "title": "Hide Feature - <span class='updatedContent'>UPDATED</span>",
        "children": [{
          "key": "map.feature.hide.complete",
          "title": "Feature Hide Message Complete - details object - <span class='newContent'>NEW</span>"
        }]
      }, {
        "key": "map.feature.show",
        "title": "Show Feature - <span class='updatedContent'>UPDATED</span>",
        "children": [{
          "key": "map.feature.show.complete",
          "title": "Feature Show Message Complete - details object - <span class='newContent'>NEW</span>"
        }]
      }, {
        "key": "map.feature.selected",
        "title": "Feature Selected - <span class='updatedContent'>UPDATED</span>",
        "children": [{
          "key": "map.feature.selected.complete",
          "title": "Feature Selected Message Complete - details object - <span class='newContent'>NEW</span>"
        }]
      }, {
        "key": "map.feature.selected.batch",
        "title": "Feature Selected Batch - <span class='newContent'>NEW</span>",
        "children": [{
          "key": "map.feature.selected.batch.complete",
          "title": "Feature Selected Batch Message Complete - details object - <span class='newContent'>NEW</span>"
        }]
      }, {
        "key": "map.feature.deselected",
        "title": "Feature De-Selected - <span class='updatedContent'>UPDATED</span>",
        "children": [{
          "key": "map.feature.deselected.complete",
          "title": "Feature De-Selected Message Complete - details object - <span class='newContent'>NEW</span>"
        }]
      }, {
        "key": "map.feature.deselected.batch",
        "title": "Feature De-Selected Batch - <span class='newContent'>NEW</span>",
        "children": [{
          "key": "map.feature.deselected.batch.complete",
          "title": "Feature De-Selected Batch Message Complete - details object - <span class='newContent'>NEW</span>"
        }]
      }, {
        "key": "map.feature.update",
        "title": "Update Feature Data - <span class='updatedContent'>UPDATED</span>",
        "children": [{
          "key": "map.feature.update.complete",
          "title": "Feature Update Message Complete - details object - <span class='newContent'>NEW</span>"
        }]
      }]
    }, {
      "key": "",
      "title": "Map View Channels - <span class='updatedContent'>UPDATED</span>",
      "children": [{
        "key": "map.view.complete",
        "title": " Message Complete detail object for Zoom, All Center on messages - <span class='updatedContent'>NEW</span>"
      }, {
        "key": "map.view.zoom",
        "title": "Zoom - <span class='updatedContent'>UPDATED</span>"
      }, {
        "key": "map.view.center.overlay",
        "title": "Center on Overlay - <span class='updatedContent'>UPDATED</span>"
      }, {
        "key": "map.view.center.feature",
        "title": "Center on Feature - <span class='updatedContent'>UPDATED</span>"
      }, {
        "key": "map.view.center.location",
        "title": "Center on Location - <span class='updatedContent'>UPDATED</span>"
      }, {
        "key": "map.view.center.bounds",
        "title": "Center on Bounds - <span class='updatedContent'>UPDATED</span>"
      }, {
        "key": "map.view.clicked",
        "title": "Map View Clicked"
      }]
    }, {
      "key": "",
      "title": "Map Status Channels - <span class='updatedContent'>UPDATED</span>",
      "children": [{
        "key": "map.status.request",
        "title": "Request Map Status - <span class='updatedContent'>UPDATED</span>"
      }, {
        "key": "map.status.view",
        "title": "Map View Status - <span class='updatedContent'>UPDATED</span>"
      }, {
        "key": "map.status.format",
        "title": "Map Format Status  - <span class='updatedContent'>UPDATED</span>"
      }, {
        "key": "map.status.about",
        "title": "Map About Status  - <span class='updatedContent'>UPDATED</span>"
      }, {
        "key": "map.status.selected",
        "title": "Map Selected Status  - <span class='updatedContent'>UPDATED</span>"
      }, {
        "key": "map.status.initialization",
        "title": "Map Initialization Status - <span class='newContent'>NEW</span>"
      }]
    }, {
      "key": "map.error",
      "title": "Map Errors"
    }]
  }, {
    "key": "",
    "title": "Feature Data Formats",
    "expanded": true,
    "folder": true,
    "children": [{
      "key": "cmapi.dataformat.kml",
      "type": "overview",
      "title": "A. KML Support"
    }, {
      "key": "cmapi.dataformat.geojson",
      "title": "B. GeoJSON Support - <span class='updatedContent'>UPDATED</span>"
    }, {
      "key": "cmapi.dataformat.aoi",
      "title": "C. Area of Interest Support"
    }, {
      "expanded": true,
      "key": "cmapi.dataformat.symbol",
      "title": "D. Symbology - <span class='newContent'>NEW</span>",
      "children": [{
        "key": "cmapi.dataformat.symbol.2525b",
        "title": "1. MIL-STD-2525 B - <span class='newContent'>NEW</span>"
      }, {
        "key": "cmapi.dataformat.symbol.2525c",
        "title": "2. MIL-STD-2525 C - <span class='newContent'>NEW</span>"
      }]
    }]

  }, {
    "key": "",
    "title": "API Extensions",
    "folder": true,
    "expanded": true,
    "children": [{
      "key": "map.drag-drop",
      "title": "Drag and Drop - <span class='updatedContent'>UPDATED</span>"
    }, {
      "key": "",
      "type": "overview",
      "title": "Clustering",
      "children": [{
        "key": "map.overlay.cluster.overview",
        "type": "overview",
        "title": "Background"
      }, {
        "key": "map.overlay.cluster.set",
        "title": "Set Overlay Level Clustering Rule"
      }, {
        "key": "map.overlay.cluster.remove",
        "title": "Remove Overlay Level Clustering Rule"
      }, {
        "key": "map.overlay.cluster.activate",
        "title": "Activate Overlay Level Clustering Rule"
      }, {
        "key": "map.overlay.cluster.deactivate",
        "title": "De-Activate Overlay Level Clustering Rule"
      }, {
        "key": "map.overlay.cluster.references",
        "type": "overview",
        "title": "Clustering: References"
      }, {
        "key": "map.overlay.cluster.replaceableParameters",
        "type": "overview",
        "title": "Clustering: Replaceable Parameters"
      }]
    }, {
      "key": "",
      "title": "Message Progress, Complete, and Cancel - <span class='newContent'>NEW</span>",
      "children": [{
        "key": "map.message.complete",
        "title": "Report Message Processing Results - <span class='newContent'>NEW</span>",
        "status": "new"
      }, {
        "key": "map.message.progress",
        "title": "Report Message Processing Progress - <span class='newContent'>NEW</span>",
        "status": "new"
      }, {
        "key": "map.message.cancel",
        "title": "Report Message Cancellation - <span class='newContent'>NEW</span>"
      }]
    }, {
      "key": "",
      "type": "overview",
      "title": "User Manipulation - <span class='newContent'>NEW</span>",

      "children": [{
        "title": "Feature Drawing and Editing - <span class='newContent'>NEW</span>",
        "key": "",
        "children": [{
          "key": "map.feature.edit",
          "title": "Edit Feature Data - <span class='newContent'>NEW</span>",
          "children": [{
            "key": "map.feature.edit.progress",
            "title": "Edit Message Progress - details object - <span class='newContent'>NEW</span>"
          }, {
            "key": "map.feature.edit.complete",
            "title": "Edit Message Complete - details object - <span class='newContent'>NEW</span>"
          }]
        }, {
          "key": "map.feature.draw",
          "title": "Draw Feature Data - <span class='newContent'>NEW</span>",
          "children": [{
            "key": "map.feature.draw.progress",
            "title": "Draw Message Progress - details object - <span class='newContent'>NEW</span>"
          }, {
            "key": "map.feature.draw.complete",
            "title": "Draw Message Complete - details object - <span class='newContent'>NEW</span>"
          }]
        }]
      }, {
        "title": "Mouse Events - <span class='newContent'>NEW</span>",
        "key": "",
        "children": [{
          "key": "map.feature.clicked",
          "title": "Feature Clicked - <span class='newContent'>NEW</span>"
        }, {
          "key": "map.feature.mousedown",
          "title": "Feature Mouse Down - <span class='newContent'>NEW</span>"
        }, {
          "key": "map.feature.mouseup",
          "title": "Feature Mouse Up - <span class='newContent'>NEW</span>"
        }, {
          "key": "map.view.mousedown",
          "title": "Map View Mouse Down - <span class='newContent'>NEW</span>"
        }, {
          "key": "map.view.mouseup",
          "title": "Map View Mouse Up - <span class='newContent'>NEW</span>"
        }, {
          "key": "map.view.area.selected",
          "title": "Map View Area Selected - <span class='newContent'>NEW</span>"
        }]
      }, {
        "key": "",
        "title": "Context Menus - <span class='newContent'>NEW</span>",
        "children": [{
          "key": "map.menu.create",
          "title": "Create a context menu - <span class='newContent'>NEW</span>"
        }, {
          "key": "map.menu.clicked",
          "title": "Menu Clicked Event - <span class='newContent'>NEW</span>"
        }, {
          "key": "map.menu.remove",
          "title": "Remove Menu - <span class='newContent'>NEW</span>"
        }]
      }, {
        "key": "map.get",
        "title": "Query for Overlay / Feature data - <span class='newContent'>NEW</span>",
        "children": [{
          "key": "map.get.complete",
          "title": "Query Message Complete - details object - <span class='newContent'>NEW</span>"
        }]
      }]
    }, {
      "key": "",
      "title": "Ozone Widget Framework (OWF)",
      "type": "overview",
      "children": [{

        "key": "",
        "title": "Widget Intents",
        "type": "overview",
        "children": [{
          "key": "cmapi.widget-intents.overview",
          "type": "overview",
          "title": "Background"
        }, {
          "key": "cmapi.widget-intents.pick.overview",
          "title": "Picking a Common Map Widget",
          "type": "overview"
        }, {
          "key": "cmapi.widget-intents.view.overview",
          "title": "Viewing Data ",
          "type": "overview"
        }, {
          "key": "cmapi.widget-intents.plot.overview",
          "title": "Plotting Data ",
          "type": "overview"
        }]
      }]
    }]
  }, {
    "key": "",
    "title": "Appendices",
    "expanded": true,
    "folder": true,
    "children": [{
      "key": "cmapi.appendix.a",
      "type": "overview",
      "title": "A. Unique Identifiers - <span class='newContent'>NEW</span>"
    }]

  }, {
    "key": "cmapi.acronyms",
    "type": "overview",
    "title": "Acronyms"
  }, {
    "key": "cmapi.references",
    "type": "overview",
    "title": "References"
  }, {
    "key": "cmapi.acknowledgements",
    "type": "overview",
    "title": "Acknowledgements"
  }

]
